-- phpMyAdmin SQL Dump
-- version 5.1.1
-- https://www.phpmyadmin.net/
--
-- Servidor: 127.0.0.1
-- Tiempo de generación: 02-05-2025 a las 17:51:11
-- Versión del servidor: 10.4.22-MariaDB
-- Versión de PHP: 8.1.2

SET SQL_MODE = "NO_AUTO_VALUE_ON_ZERO";
START TRANSACTION;
SET time_zone = "+00:00";


/*!40101 SET @OLD_CHARACTER_SET_CLIENT=@@CHARACTER_SET_CLIENT */;
/*!40101 SET @OLD_CHARACTER_SET_RESULTS=@@CHARACTER_SET_RESULTS */;
/*!40101 SET @OLD_COLLATION_CONNECTION=@@COLLATION_CONNECTION */;
/*!40101 SET NAMES utf8mb4 */;

--
-- Base de datos: `universidad`
--

-- --------------------------------------------------------

--
-- Estructura de tabla para la tabla `asignaturas`
--

CREATE TABLE `asignaturas` (
  `id` int(11) NOT NULL,
  `profesor_id` int(11) NOT NULL,
  `aula_id` int(11) NOT NULL,
  `nombre_asignatura` varchar(100) NOT NULL,
  `grupo` varchar(10) DEFAULT NULL
) ENGINE=InnoDB DEFAULT CHARSET=utf8mb4;

--
-- Volcado de datos para la tabla `asignaturas`
--

INSERT INTO `asignaturas` (`id`, `profesor_id`, `aula_id`, `nombre_asignatura`, `grupo`) VALUES
(1, 1, 1, 'Programación', '1ºA'),
(2, 2, 2, 'Álgebra', '1ºB'),
(6, 5, 1, 'Fal', '4ºB'),
(7, 5, 1, 'SO', '4ºB'),
(9, 6, 3, 'Cálculo', '1ºA'),
(10, 7, 4, 'Física', '1ºB'),
(11, 8, 5, 'Algoritmos', '2ºA'),
(12, 9, 6, 'Bases de Datos', '2ºB'),
(13, 10, 7, 'Redes', '3ºA'),
(14, 11, 8, 'Sistemas Operativos', '3ºB'),
(15, 12, 9, 'Inteligencia Artificial', '4ºA'),
(16, 13, 10, 'Compiladores', '4ºB'),
(17, 14, 1, 'Estadística', '1ºC'),
(18, 15, 2, 'Matemática Discreta', '1ºD'),
(19, 16, 3, 'Estructura de Computadores', '2ºC'),
(20, 17, 4, 'Programación Avanzada', '2ºD'),
(21, 18, 5, 'Ingeniería del Software', '3ºC'),
(22, 19, 6, 'Seguridad Informática', '3ºD'),
(23, 20, 7, 'Computación Gráfica', '4ºC'),
(24, 21, 8, 'Sistemas Distribuidos', '4ºD'),
(25, 22, 9, 'Aprendizaje Automático', '3ºA'),
(26, 23, 10, 'Minería de Datos', '3ºB'),
(27, 24, 1, 'Big Data', '4ºA'),
(28, 25, 2, 'Desarrollo Web', '2ºA');

-- --------------------------------------------------------

--
-- Estructura de tabla para la tabla `asistencias`
--

CREATE TABLE `asistencias` (
  `id` int(11) NOT NULL,
  `asignatura_id` int(11) NOT NULL,
  `fecha` date NOT NULL,
  `presente` tinyint(1) NOT NULL
) ENGINE=InnoDB DEFAULT CHARSET=utf8mb4;

--
-- Volcado de datos para la tabla `asistencias`
--

INSERT INTO `asistencias` (`id`, `asignatura_id`, `fecha`, `presente`) VALUES
(5, 1, '2025-03-03', 0),
(6, 6, '2025-03-14', 0),
(7, 7, '2025-03-14', 0),
(8, 9, '2025-03-04', 0),
(9, 10, '2025-03-04', 0),
(10, 11, '2025-03-04', 0),
(11, 12, '2025-03-04', 0),
(12, 13, '2025-03-04', 0),
(13, 14, '2025-03-05', 0),
(14, 15, '2025-03-05', 0),
(15, 16, '2025-03-05', 0),
(16, 17, '2025-03-05', 0),
(17, 18, '2025-03-05', 0),
(18, 19, '2025-03-06', 0),
(19, 20, '2025-03-06', 0),
(20, 21, '2025-03-06', 0),
(21, 22, '2025-03-06', 0),
(22, 23, '2025-03-06', 0),
(23, 24, '2025-03-07', 0),
(24, 25, '2025-03-07', 0),
(25, 26, '2025-03-07', 0),
(26, 27, '2025-03-07', 0),
(27, 28, '2025-03-07', 0),
(28, 9, '2025-04-01', 0),
(29, 10, '2025-04-01', 0),
(30, 11, '2025-04-01', 0),
(31, 12, '2025-04-01', 0),
(32, 13, '2025-04-01', 0),
(33, 14, '2025-04-02', 0),
(34, 15, '2025-04-02', 0),
(35, 16, '2025-04-02', 0),
(36, 17, '2025-04-02', 0),
(37, 18, '2025-04-02', 0),
(38, 19, '2025-04-03', 0),
(39, 20, '2025-04-03', 0),
(40, 21, '2025-04-03', 0),
(41, 22, '2025-04-03', 0),
(42, 23, '2025-04-03', 0),
(43, 24, '2025-04-04', 0),
(44, 25, '2025-04-04', 0),
(45, 26, '2025-04-04', 0),
(46, 27, '2025-04-04', 0),
(47, 28, '2025-04-04', 0);

-- --------------------------------------------------------

--
-- Estructura de tabla para la tabla `aulas`
--

CREATE TABLE `aulas` (
  `id` int(11) NOT NULL,
  `numero_aula` int(11) NOT NULL,
  `capacidad` int(11) NOT NULL
) ENGINE=InnoDB DEFAULT CHARSET=utf8mb4;

--
-- Volcado de datos para la tabla `aulas`
--

INSERT INTO `aulas` (`id`, `numero_aula`, `capacidad`) VALUES
(1, 101, 24),
(2, 102, 25),
(3, 103, 40),
(4, 104, 30),
(5, 105, 25),
(6, 106, 35),
(7, 201, 40),
(8, 202, 45),
(9, 203, 30),
(10, 204, 35),
(11, 205, 28),
(12, 301, 50),
(13, 302, 45);

-- --------------------------------------------------------

--
-- Estructura de tabla para la tabla `configuracion_sistema`
--

CREATE TABLE `configuracion_sistema` (
  `id` int(11) NOT NULL,
  `clave` varchar(50) NOT NULL,
  `valor` text DEFAULT NULL,
  `descripcion` varchar(255) DEFAULT NULL,
  `fecha_modificacion` timestamp NOT NULL DEFAULT current_timestamp() ON UPDATE current_timestamp()
) ENGINE=InnoDB DEFAULT CHARSET=utf8mb4;

--
-- Volcado de datos para la tabla `configuracion_sistema`
--

INSERT INTO `configuracion_sistema` (`id`, `clave`, `valor`, `descripcion`, `fecha_modificacion`) VALUES
(1, 'email_remitente', 'anggal02@ucm.es', 'Correo electrónico desde el que se envían las notificaciones', '2025-04-29 12:10:18'),
(2, 'email_password', '$2y$10$SRVcs0CV8GNutqHrDSLoPOc3vOMX6hf22J5MH4USxeCbG7katjtgC', 'Contraseña del correo electrónico (encriptada)', '2025-04-29 12:10:18'),
(3, 'email_servidor', 'smtp.gmail.com', 'Servidor SMTP para envío de correos', '2025-04-29 12:08:36'),
(4, 'email_puerto', '587', 'Puerto del servidor SMTP', '2025-04-29 12:08:36'),
(5, 'email_seguridad', 'tls', 'Tipo de seguridad (tls, ssl, ninguna)', '2025-04-29 12:08:36');

-- --------------------------------------------------------

--
-- Estructura de tabla para la tabla `departamento`
--

CREATE TABLE `departamento` (
  `id` int(11) NOT NULL,
  `nombre_departamento` varchar(100) NOT NULL,
  `jefe_id` int(11) DEFAULT NULL,
  `correo_departamento` varchar(100) NOT NULL
) ENGINE=InnoDB DEFAULT CHARSET=utf8mb4;

--
-- Volcado de datos para la tabla `departamento`
--

INSERT INTO `departamento` (`id`, `nombre_departamento`, `jefe_id`, `correo_departamento`) VALUES
(1, 'Computadores', 1, 'computadores@complutense.es'),
(2, 'Redes', 2, 'redes@complutense.es'),
(3, 'Software', 3, 'software@complutense.es');

-- --------------------------------------------------------

--
-- Estructura de tabla para la tabla `horarios`
--

CREATE TABLE `horarios` (
  `id` int(11) NOT NULL,
  `asignatura_id` int(11) NOT NULL,
  `dia_semana` enum('Lunes','Martes','Miércoles','Jueves','Viernes','Sábado','Domingo') NOT NULL,
  `hora_inicio` time NOT NULL,
  `hora_fin` time NOT NULL
) ENGINE=InnoDB DEFAULT CHARSET=utf8mb4;

--
-- Volcado de datos para la tabla `horarios`
--

INSERT INTO `horarios` (`id`, `asignatura_id`, `dia_semana`, `hora_inicio`, `hora_fin`) VALUES
(1, 1, 'Lunes', '09:00:00', '11:00:00'),
(9, 2, 'Martes', '10:00:00', '12:00:00'),
(10, 2, 'Jueves', '15:00:00', '16:00:00'),
(11, 6, 'Viernes', '14:00:00', '16:00:00'),
(12, 7, 'Viernes', '16:00:00', '18:00:00'),
(13, 9, 'Lunes', '08:00:00', '10:00:00'),
(14, 9, 'Miércoles', '08:00:00', '10:00:00'),
(15, 10, 'Lunes', '10:00:00', '12:00:00'),
(16, 10, 'Miércoles', '10:00:00', '12:00:00'),
(17, 11, 'Lunes', '12:00:00', '14:00:00'),
(18, 11, 'Miércoles', '12:00:00', '14:00:00'),
(19, 12, 'Lunes', '15:00:00', '17:00:00'),
(20, 12, 'Miércoles', '15:00:00', '17:00:00'),
(21, 13, 'Lunes', '17:00:00', '19:00:00'),
(22, 13, 'Miércoles', '17:00:00', '19:00:00'),
(23, 14, 'Martes', '08:00:00', '10:00:00'),
(24, 14, 'Jueves', '08:00:00', '10:00:00'),
(25, 15, 'Martes', '10:00:00', '12:00:00'),
(26, 15, 'Jueves', '10:00:00', '12:00:00'),
(27, 16, 'Martes', '12:00:00', '14:00:00'),
(28, 16, 'Jueves', '12:00:00', '14:00:00'),
(29, 17, 'Martes', '15:00:00', '17:00:00'),
(30, 17, 'Jueves', '15:00:00', '17:00:00'),
(31, 18, 'Martes', '17:00:00', '19:00:00'),
(32, 18, 'Jueves', '17:00:00', '19:00:00'),
(33, 19, 'Miércoles', '08:00:00', '10:00:00'),
(34, 19, 'Viernes', '08:00:00', '10:00:00'),
(35, 20, 'Miércoles', '10:00:00', '12:00:00'),
(36, 20, 'Viernes', '10:00:00', '12:00:00'),
(37, 21, 'Miércoles', '12:00:00', '14:00:00'),
(38, 21, 'Viernes', '12:00:00', '14:00:00'),
(39, 22, 'Miércoles', '15:00:00', '17:00:00'),
(40, 22, 'Viernes', '15:00:00', '17:00:00'),
(41, 23, 'Jueves', '08:00:00', '10:00:00'),
(42, 23, 'Viernes', '17:00:00', '19:00:00'),
(43, 24, 'Jueves', '10:00:00', '12:00:00'),
(44, 24, 'Viernes', '10:00:00', '12:00:00'),
(45, 25, 'Jueves', '12:00:00', '14:00:00'),
(46, 25, 'Viernes', '12:00:00', '14:00:00'),
(47, 26, 'Jueves', '15:00:00', '17:00:00'),
(48, 26, 'Viernes', '15:00:00', '17:00:00'),
(49, 27, 'Jueves', '17:00:00', '19:00:00'),
(50, 27, 'Viernes', '17:00:00', '19:00:00'),
(51, 28, 'Lunes', '08:00:00', '10:00:00'),
(52, 28, 'Viernes', '08:00:00', '10:00:00');

-- --------------------------------------------------------

--
-- Estructura de tabla para la tabla `incidencias`
--

CREATE TABLE `incidencias` (
  `id` int(11) NOT NULL,
  `asistencia_id` int(11) NOT NULL,
  `justificada` tinyint(1) NOT NULL,
  `descripcion` text DEFAULT NULL,
  `fecha_incidencia` datetime DEFAULT current_timestamp()
) ENGINE=InnoDB DEFAULT CHARSET=utf8mb4;

--
-- Volcado de datos para la tabla `incidencias`
--

INSERT INTO `incidencias` (`id`, `asistencia_id`, `justificada`, `descripcion`, `fecha_incidencia`) VALUES
(8, 6, 0, '', '2025-03-14 11:56:22'),
(9, 7, 1, 'Hospital', '2025-03-14 11:56:22'),
(10, 8, 0, '', '2025-03-04 09:15:00'),
(11, 9, 1, 'Cita médica urgente', '2025-03-04 10:30:00'),
(12, 10, 0, '', '2025-03-04 12:45:00'),
(13, 11, 1, 'Problema familiar', '2025-03-04 15:20:00'),
(14, 12, 0, '', '2025-03-04 17:10:00'),
(15, 13, 1, 'Enfermedad', '2025-03-05 09:05:00'),
(16, 14, 0, '', '2025-03-05 10:15:00'),
(17, 15, 1, 'Asistencia a congreso académico', '2025-03-05 12:30:00'),
(18, 16, 0, '', '2025-03-05 15:40:00'),
(19, 17, 1, 'Accidente de tráfico', '2025-03-05 17:25:00'),
(20, 18, 0, '', '2025-03-06 09:00:00'),
(21, 19, 1, 'Problema con transporte público', '2025-03-06 10:45:00'),
(22, 20, 0, '', '2025-03-06 12:50:00'),
(23, 21, 1, 'Trámites administrativos urgentes', '2025-03-06 15:15:00'),
(24, 22, 0, '', '2025-03-06 17:30:00'),
(25, 23, 1, 'Enfermedad', '2025-03-07 09:20:00'),
(26, 24, 0, '', '2025-03-07 10:10:00'),
(27, 25, 1, 'Asistencia a seminario', '2025-03-07 12:40:00'),
(28, 26, 0, '', '2025-03-07 15:30:00'),
(29, 27, 1, 'Problemas personales', '2025-03-07 17:00:00'),
(30, 28, 0, '', '2025-04-01 09:05:00'),
(31, 29, 1, 'Enfermedad', '2025-04-01 10:25:00'),
(32, 30, 0, '', '2025-04-01 12:35:00'),
(33, 31, 1, 'Asistencia a evento académico', '2025-04-01 15:50:00'),
(34, 32, 0, '', '2025-04-01 17:15:00'),
(35, 33, 1, 'Problemas de salud', '2025-04-02 09:10:00'),
(36, 34, 0, '', '2025-04-02 10:05:00'),
(37, 35, 1, 'Fallecimiento familiar', '2025-04-02 12:20:00'),
(38, 36, 0, '', '2025-04-02 15:45:00'),
(39, 37, 1, 'Cita médica especialista', '2025-04-02 17:05:00'),
(40, 38, 0, '', '2025-04-03 09:25:00'),
(41, 39, 1, 'Avería en vehículo', '2025-04-03 10:35:00'),
(42, 40, 0, '', '2025-04-03 12:15:00'),
(43, 41, 1, 'Asistencia a defensa de TFG', '2025-04-03 15:10:00'),
(44, 42, 0, '', '2025-04-03 17:20:00'),
(45, 43, 1, 'Huelga de transportes', '2025-04-04 09:30:00'),
(46, 44, 0, '', '2025-04-04 10:00:00'),
(47, 45, 1, 'Ingreso hospitalario urgente', '2025-04-04 12:25:00'),
(48, 46, 0, '', '2025-04-04 15:35:00'),
(49, 47, 1, 'Citación judicial', '2025-04-04 17:40:00');

-- --------------------------------------------------------

--
-- Estructura de tabla para la tabla `nolectivo`
--

CREATE TABLE `nolectivo` (
  `id` int(11) NOT NULL,
  `fecha` date NOT NULL,
  `descripcion` varchar(255) DEFAULT 'Día restringido'
) ENGINE=InnoDB DEFAULT CHARSET=utf8mb4;

--
-- Volcado de datos para la tabla `nolectivo`
--

INSERT INTO `nolectivo` (`id`, `fecha`, `descripcion`) VALUES
(2, '2025-03-11', 'Prueba'),
(3, '2025-05-01', 'Día del Trabajo'),
(4, '2025-05-02', 'Día de la Comunidad de Madrid'),
(5, '2025-05-15', 'San Isidro'),
(6, '2025-06-24', 'San Juan'),
(7, '2025-07-25', 'Santiago Apóstol'),
(8, '2025-08-15', 'Asunción de la Virgen'),
(9, '2025-10-12', 'Día de la Hispanidad'),
(10, '2025-11-01', 'Día de Todos los Santos'),
(11, '2025-11-09', 'Día de la Almudena'),
(12, '2025-12-06', 'Día de la Constitución'),
(13, '2025-12-08', 'Inmaculada Concepción'),
(14, '2025-12-25', 'Navidad');

-- --------------------------------------------------------

--
-- Estructura de tabla para la tabla `profesores`
--

CREATE TABLE `profesores` (
  `id` int(11) NOT NULL,
  `nombre` varchar(50) NOT NULL,
  `apellidos` varchar(100) NOT NULL,
  `identificador` varchar(50) DEFAULT NULL,
  `CorreoPropio` varchar(100) DEFAULT NULL,
  `departamento_id` int(11) DEFAULT NULL
) ENGINE=InnoDB DEFAULT CHARSET=utf8mb4;

--
-- Volcado de datos para la tabla `profesores`
--

INSERT INTO `profesores` (`id`, `nombre`, `apellidos`, `identificador`, `CorreoPropio`, `departamento_id`) VALUES
(1, 'Raquel', 'Díaz Sánchez', '00000001A', 'raquel.diaz@complutense.es', 1),
(2, 'Carlos', 'López García', '00000002B', 'carlos.lopez@complutense.es', 2),
(3, 'Maríant', 'Pérez Gómez', '00000003C', 'maria.perez@complutense.es', 3),
(5, 'Ángel', 'Gallego Muñoz', '00000004D', 'anggal02@ucm.es', 1),
(6, 'Elena', 'Martínez Rodríguez', '12345678A', 'elena.martinez@complutense.es', 1),
(7, 'David', 'García Sánchez', '23456789B', 'david.garcia@complutense.es', 2),
(8, 'Laura', 'Hernández López', '34567890C', 'laura.hernandez@complutense.es', 3),
(9, 'Javier', 'Fernández González', '45678901D', 'javier.fernandez@complutense.es', 1),
(10, 'Ana', 'González Pérez', '56789012E', 'ana.gonzalez@complutense.es', 2),
(11, 'Pablo', 'Sánchez Martínez', '67890123F', 'pablo.sanchez@complutense.es', 3),
(12, 'Lucía', 'López García', '78901234G', 'lucia.lopez@complutense.es', 1),
(13, 'Jorge', 'Pérez Hernández', '89012345H', 'jorge.perez@complutense.es', 2),
(14, 'Sara', 'Rodríguez Fernández', '90123456I', 'sara.rodriguez@complutense.es', 3),
(15, 'Miguel', 'González García', '01234567J', 'miguel.gonzalez@complutense.es', 1),
(16, 'Carmen', 'López Rodríguez', '12345678K', 'carmen.lopez@complutense.es', 2),
(17, 'Luis', 'Martínez González', '23456789L', 'luis.martinez@complutense.es', 3),
(18, 'Paula', 'Sánchez López', '34567890M', 'paula.sanchez@complutense.es', 1),
(19, 'Alberto', 'García Martínez', '45678901N', 'alberto.garcia@complutense.es', 2),
(20, 'Eva', 'Fernández Sánchez', '56789012O', 'eva.fernandez@complutense.es', 3),
(21, 'Daniel', 'Hernández González', '67890123P', 'daniel.hernandez@complutense.es', 1),
(22, 'Marina', 'Pérez García', '78901234Q', 'marina.perez@complutense.es', 2),
(23, 'Adrián', 'Rodríguez López', '89012345R', 'adrian.rodriguez@complutense.es', 3),
(24, 'Marta', 'González Hernández', '90123456S', 'marta.gonzalez@complutense.es', 1),
(25, 'Diego', 'López Pérez', '01234567T', 'diego.lopez@complutense.es', 2);

-- --------------------------------------------------------

--
-- Estructura de tabla para la tabla `usuarios`
--

CREATE TABLE `usuarios` (
  `id` int(11) NOT NULL,
  `username` varchar(50) NOT NULL,
  `password` varchar(255) NOT NULL,
  `nombre` varchar(100) NOT NULL,
  `rol` enum('admin','editor','lector') NOT NULL DEFAULT 'lector',
  `fecha_creacion` timestamp NOT NULL DEFAULT current_timestamp()
) ENGINE=InnoDB DEFAULT CHARSET=utf8mb4;

--
-- Volcado de datos para la tabla `usuarios`
--

INSERT INTO `usuarios` (`id`, `username`, `password`, `nombre`, `rol`, `fecha_creacion`) VALUES
(5, 'admin', '$2y$10$Slf/MTCSdKc7NV96IJUw5uDGcYMcFpFydb4hDLtWET96ntAEmRqn2', 'Administrador', 'admin', '2025-04-30 09:25:56');

--
-- Índices para tablas volcadas
--

--
-- Indices de la tabla `asignaturas`
--
ALTER TABLE `asignaturas`
  ADD PRIMARY KEY (`id`),
  ADD KEY `aula_id` (`aula_id`),
  ADD KEY `asignaturas_ibfk_1` (`profesor_id`);

--
-- Indices de la tabla `asistencias`
--
ALTER TABLE `asistencias`
  ADD PRIMARY KEY (`id`),
  ADD KEY `asignatura_id` (`asignatura_id`);

--
-- Indices de la tabla `aulas`
--
ALTER TABLE `aulas`
  ADD PRIMARY KEY (`id`);

--
-- Indices de la tabla `configuracion_sistema`
--
ALTER TABLE `configuracion_sistema`
  ADD PRIMARY KEY (`id`),
  ADD UNIQUE KEY `clave` (`clave`),
  ADD KEY `idx_config_clave` (`clave`);

--
-- Indices de la tabla `departamento`
--
ALTER TABLE `departamento`
  ADD PRIMARY KEY (`id`);

--
-- Indices de la tabla `horarios`
--
ALTER TABLE `horarios`
  ADD PRIMARY KEY (`id`),
  ADD KEY `asignatura_id` (`asignatura_id`);

--
-- Indices de la tabla `incidencias`
--
ALTER TABLE `incidencias`
  ADD PRIMARY KEY (`id`),
  ADD KEY `incidencias_ibfk_1` (`asistencia_id`);

--
-- Indices de la tabla `nolectivo`
--
ALTER TABLE `nolectivo`
  ADD PRIMARY KEY (`id`),
  ADD UNIQUE KEY `fecha` (`fecha`);

--
-- Indices de la tabla `profesores`
--
ALTER TABLE `profesores`
  ADD PRIMARY KEY (`id`),
  ADD UNIQUE KEY `identificador_UNIQUE` (`identificador`),
  ADD KEY `departamento_id` (`departamento_id`);

--
-- Indices de la tabla `usuarios`
--
ALTER TABLE `usuarios`
  ADD PRIMARY KEY (`id`),
  ADD UNIQUE KEY `username` (`username`);

--
-- AUTO_INCREMENT de las tablas volcadas
--

--
-- AUTO_INCREMENT de la tabla `asignaturas`
--
ALTER TABLE `asignaturas`
  MODIFY `id` int(11) NOT NULL AUTO_INCREMENT, AUTO_INCREMENT=29;

--
-- AUTO_INCREMENT de la tabla `asistencias`
--
ALTER TABLE `asistencias`
  MODIFY `id` int(11) NOT NULL AUTO_INCREMENT, AUTO_INCREMENT=48;

--
-- AUTO_INCREMENT de la tabla `aulas`
--
ALTER TABLE `aulas`
  MODIFY `id` int(11) NOT NULL AUTO_INCREMENT, AUTO_INCREMENT=14;

--
-- AUTO_INCREMENT de la tabla `configuracion_sistema`
--
ALTER TABLE `configuracion_sistema`
  MODIFY `id` int(11) NOT NULL AUTO_INCREMENT, AUTO_INCREMENT=6;

--
-- AUTO_INCREMENT de la tabla `departamento`
--
ALTER TABLE `departamento`
  MODIFY `id` int(11) NOT NULL AUTO_INCREMENT, AUTO_INCREMENT=4;

--
-- AUTO_INCREMENT de la tabla `horarios`
--
ALTER TABLE `horarios`
  MODIFY `id` int(11) NOT NULL AUTO_INCREMENT, AUTO_INCREMENT=53;

--
-- AUTO_INCREMENT de la tabla `incidencias`
--
ALTER TABLE `incidencias`
  MODIFY `id` int(11) NOT NULL AUTO_INCREMENT, AUTO_INCREMENT=50;

--
-- AUTO_INCREMENT de la tabla `nolectivo`
--
ALTER TABLE `nolectivo`
  MODIFY `id` int(11) NOT NULL AUTO_INCREMENT, AUTO_INCREMENT=15;

--
-- AUTO_INCREMENT de la tabla `profesores`
--
ALTER TABLE `profesores`
  MODIFY `id` int(11) NOT NULL AUTO_INCREMENT, AUTO_INCREMENT=26;

--
-- AUTO_INCREMENT de la tabla `usuarios`
--
ALTER TABLE `usuarios`
  MODIFY `id` int(11) NOT NULL AUTO_INCREMENT, AUTO_INCREMENT=6;

--
-- Restricciones para tablas volcadas
--

--
-- Filtros para la tabla `asignaturas`
--
ALTER TABLE `asignaturas`
  ADD CONSTRAINT `asignaturas_ibfk_1` FOREIGN KEY (`profesor_id`) REFERENCES `profesores` (`id`) ON DELETE CASCADE,
  ADD CONSTRAINT `asignaturas_ibfk_2` FOREIGN KEY (`aula_id`) REFERENCES `aulas` (`id`);

--
-- Filtros para la tabla `asistencias`
--
ALTER TABLE `asistencias`
  ADD CONSTRAINT `asistencias_ibfk_1` FOREIGN KEY (`asignatura_id`) REFERENCES `asignaturas` (`id`);

--
-- Filtros para la tabla `horarios`
--
ALTER TABLE `horarios`
  ADD CONSTRAINT `horarios_ibfk_1` FOREIGN KEY (`asignatura_id`) REFERENCES `asignaturas` (`id`);

--
-- Filtros para la tabla `incidencias`
--
ALTER TABLE `incidencias`
  ADD CONSTRAINT `incidencias_ibfk_1` FOREIGN KEY (`asistencia_id`) REFERENCES `asistencias` (`id`) ON DELETE CASCADE;

--
-- Filtros para la tabla `profesores`
--
ALTER TABLE `profesores`
  ADD CONSTRAINT `profesores_ibfk_1` FOREIGN KEY (`departamento_id`) REFERENCES `departamento` (`id`);
COMMIT;

/*!40101 SET CHARACTER_SET_CLIENT=@OLD_CHARACTER_SET_CLIENT */;
/*!40101 SET CHARACTER_SET_RESULTS=@OLD_CHARACTER_SET_RESULTS */;
/*!40101 SET COLLATION_CONNECTION=@OLD_COLLATION_CONNECTION */;
